factor,label,category,period,n_stocks,n_obs,ic_mean,ic_std,icir,abs_icir,ic_pos_pct,direction
ret_5d,5日收益率,momentum,ic_1d,1500,8202384,-0.031235270791143212,0.04190478276540746,-0.7453867728179236,0.7453867728179236,0.14666666666666667,1
ret_5d,5日收益率,momentum,ic_5d,1500,8202384,-0.049631897898187526,0.05944203541653528,-0.8349629609820053,0.8349629609820053,0.14866666666666667,1
ret_5d,5日收益率,momentum,ic_20d,1500,8202384,-0.03005804692652459,0.0664395606028979,-0.45241188613781325,0.45241188613781325,0.2753333333333333,1
ret_20d,20日收益率,momentum,ic_1d,1500,8134884,-0.026149617501456095,0.03962759122685806,-0.6598841032692618,0.6598841032692618,0.186,1
ret_20d,20日收益率,momentum,ic_5d,1500,8134884,-0.047787568669538476,0.06828987581680054,-0.6997753048744287,0.6997753048744287,0.19666666666666666,1
ret_20d,20日收益率,momentum,ic_20d,1500,8134884,-0.07944507009747838,0.11026139840429504,-0.720515713089158,0.720515713089158,0.19466666666666665,1
ret_1d,1日反转,reversal,ic_1d,1500,8220384,-0.01058098313423107,0.05196492260972194,-0.2036177983694622,0.2036177983694622,0.364,-1
ret_1d,1日反转,reversal,ic_5d,1500,8220384,-0.01254430247618298,0.04021606809344065,-0.3119226486049488,0.3119226486049488,0.32266666666666666,-1
ret_1d,1日反转,reversal,ic_20d,1500,8220384,-0.004833764469003055,0.03803910170120219,-0.1270735704268823,0.1270735704268823,0.43133333333333335,-1
max_ret_20d,20日最大涨幅,reversal,ic_1d,1500,8134884,-0.00782159664293446,0.03544798065406346,-0.2206499918645678,0.2206499918645678,0.354,-1
max_ret_20d,20日最大涨幅,reversal,ic_5d,1500,8134884,-0.01780254645827453,0.07093413883275619,-0.2509728989626306,0.2509728989626306,0.37066666666666664,-1
max_ret_20d,20日最大涨幅,reversal,ic_20d,1500,8134884,-0.05669243428418237,0.11694441255420247,-0.48478104294128666,0.48478104294128666,0.29133333333333333,-1
min_ret_20d,20日最大跌幅,reversal,ic_1d,1500,8134884,-0.014457992217533617,0.03397934675227695,-0.42549353061252687,0.42549353061252687,0.25666666666666665,1
min_ret_20d,20日最大跌幅,reversal,ic_5d,1500,8134884,-0.028042704064237176,0.06787955797435459,-0.41312443541296956,0.41312443541296956,0.2733333333333333,1
min_ret_20d,20日最大跌幅,reversal,ic_20d,1500,8134884,-0.0066260767577209665,0.11050413937693737,-0.059962249333655765,0.059962249333655765,0.45066666666666666,1
vol_20d,20日波动率,volatility,ic_1d,1500,8134884,0.001865120707972497,0.0347001266677922,0.05374968010429933,0.05374968010429933,0.538,-1
vol_20d,20日波动率,volatility,ic_5d,1500,8134884,0.0010257204255180719,0.07187691342422041,0.014270512973536148,0.014270512973536148,0.5033333333333333,-1
vol_20d,20日波动率,volatility,ic_20d,1500,8134884,-0.035664722360397354,0.11880246544500653,-0.30020187061611525,0.30020187061611525,0.36666666666666664,-1
skewness_20d,20日收益偏度,volatility,ic_1d,1500,8134884,-0.018555384017232262,0.03486894233283426,-0.5321464540024097,0.5321464540024097,0.21733333333333332,1
skewness_20d,20日收益偏度,volatility,ic_5d,1500,8134884,-0.03818099522596604,0.06991862531028771,-0.5460776017337994,0.5460776017337994,0.22333333333333333,1
skewness_20d,20日收益偏度,volatility,ic_20d,1500,8134884,-0.043416839781893896,0.1006941789795241,-0.4311752697315562,0.4311752697315562,0.29733333333333334,1
turnover_5d,5日均换手,liquidity,ic_1d,1500,8206884,-0.02444177904280794,0.0380287642950251,-0.6427182028106393,0.6427182028106393,0.20133333333333334,-1
turnover_5d,5日均换手,liquidity,ic_5d,1500,8206884,-0.03717085826817625,0.07105140963002385,-0.523154409767954,0.523154409767954,0.244,-1
turnover_5d,5日均换手,liquidity,ic_20d,1500,8206884,-0.05564815430302016,0.12157567762927514,-0.4577244016908545,0.4577244016908545,0.26666666666666666,-1
volume_ratio_5d,5日量比,liquidity,ic_1d,1500,8206408,-0.006136145592650946,0.03363881902720416,-0.1824126342749596,0.1824126342749596,0.4166666666666667,1
volume_ratio_5d,5日量比,liquidity,ic_5d,1500,8206408,-0.010619229870098808,0.039079262694914796,-0.2717356761052874,0.2717356761052874,0.36333333333333334,1
volume_ratio_5d,5日量比,liquidity,ic_20d,1500,8206408,0.0007953613959925421,0.03333366895309092,0.023860601637096142,0.023860601637096142,0.532,1
rsi_14,14日RSI,technical,ic_1d,1500,8205891,-0.030431248867933216,0.047271821690946805,-0.6437502888483185,0.6437502888483185,0.16733333333333333,1
rsi_14,14日RSI,technical,ic_5d,1500,8205891,-0.048588465325244856,0.0705840470595295,-0.68837743582861,0.68837743582861,0.182,1
rsi_14,14日RSI,technical,ic_20d,1500,8205891,-0.06617698624730027,0.10722709801384744,-0.6171666255367099,0.6171666255367099,0.23,1
ma_dev_20,20日均线偏离,technical,ic_1d,1500,8139384,-0.030319286994023368,0.045623869863650045,-0.6645487786247541,0.6645487786247541,0.166,1
ma_dev_20,20日均线偏离,technical,ic_5d,1500,8139384,-0.04529330957980403,0.069161453744473,-0.6548923877040919,0.6548923877040919,0.202,1
ma_dev_20,20日均线偏离,technical,ic_20d,1500,8139384,-0.058517165162258265,0.1018592940454958,-0.5744901897329209,0.5744901897329209,0.246,1
ma_cross_5_20,5/20均线交叉,technical,ic_1d,1500,8139384,-0.02502768692125502,0.035856603895259055,-0.6979937920044952,0.6979937920044952,0.178,1
ma_cross_5_20,5/20均线交叉,technical,ic_5d,1500,8139384,-0.036129008151964875,0.06587433179324285,-0.5484535048546915,0.5484535048546915,0.23466666666666666,1
ma_cross_5_20,5/20均线交叉,technical,ic_20d,1500,8139384,-0.060678464674074825,0.09967823742617654,-0.6087433550278651,0.6087433550278651,0.23066666666666666,1
bias_20,20日乖离率,technical,ic_1d,1500,8139384,-0.0303192854592051,0.04562386965864283,-0.6645487479701652,0.6645487479701652,0.166,-1
bias_20,20日乖离率,technical,ic_5d,1500,8139384,-0.04529330994279994,0.06916145510756004,-0.6548923800454992,0.6548923800454992,0.202,-1
bias_20,20日乖离率,technical,ic_20d,1500,8139384,-0.05851716521813459,0.10185929488870246,-0.574490185525768,0.574490185525768,0.246,-1
up_days_ratio_20,20日上涨比例,technical,ic_1d,1500,8139384,-0.009908871378883063,0.03424917468271299,-0.28931708488393126,0.28931708488393126,0.3313333333333333,1
up_days_ratio_20,20日上涨比例,technical,ic_5d,1500,8139384,-0.017424619099260834,0.06332100397776744,-0.2751791349577902,0.2751791349577902,0.33,1
up_days_ratio_20,20日上涨比例,technical,ic_20d,1500,8139384,-0.046246530320154536,0.105440235710743,-0.4386042008386995,0.4386042008386995,0.282,1
price_position_20,20日价格位置,technical,ic_1d,1500,8139374,-0.015629913829790766,0.04086373579900939,-0.38248861794397326,0.38248861794397326,0.272,1
price_position_20,20日价格位置,technical,ic_5d,1500,8139374,-0.019419587197298104,0.06387654674849548,-0.3040174866333942,0.3040174866333942,0.32266666666666666,1
price_position_20,20日价格位置,technical,ic_20d,1500,8139374,-0.03219564733902316,0.0967827548215288,-0.3326589266692521,0.3326589266692521,0.33466666666666667,1
amplitude_5d,5日均振幅,volume_price,ic_1d,1500,8206884,-0.006406364637688441,0.035922721018230755,-0.17833739917522437,0.17833739917522437,0.4053333333333333,-1
amplitude_5d,5日均振幅,volume_price,ic_5d,1500,8206884,-0.0034919261938268775,0.06544618477304007,-0.05335568766821902,0.05335568766821902,0.4693333333333333,-1
amplitude_5d,5日均振幅,volume_price,ic_20d,1500,8206884,-0.01618948187843227,0.0994657292446488,-0.16276442148845205,0.16276442148845205,0.42333333333333334,-1
volume_price_corr_20,20日量价相关,volume_price,ic_1d,1500,8134874,-0.01639078287175305,0.032835249997133296,-0.4991825210158004,0.4991825210158004,0.256,1
volume_price_corr_20,20日量价相关,volume_price,ic_5d,1500,8134874,-0.031158925673311424,0.06602249502655608,-0.4719440799802922,0.4719440799802922,0.2633333333333333,1
volume_price_corr_20,20日量价相关,volume_price,ic_20d,1500,8134874,-0.044517620935119115,0.10832001690523296,-0.4109824038715457,0.4109824038715457,0.282,1
tdx_qlj,擒龙决(打板信号),pattern,ic_1d,1500,8203030,-0.0017591135405517233,0.0352375582117545,-0.04992155046557455,0.04992155046557455,0.47386286490156143,1
tdx_qlj,擒龙决(打板信号),pattern,ic_5d,1500,8203030,-0.012510402282611285,0.03441894575860149,-0.3634743019252664,0.3634743019252664,0.34894772572980315,1
tdx_qlj,擒龙决(打板信号),pattern,ic_20d,1500,8203030,-0.012108795600903027,0.03328823430279843,-0.3637560193417973,0.3637560193417973,0.34285714285714286,1
tdx_ztxf,涨停先锋(分歧低吸),pattern,ic_1d,1500,8223024,0.002005508405286818,0.03599273054583799,0.05571981827643594,0.05571981827643594,0.5283901135604543,1
tdx_ztxf,涨停先锋(分歧低吸),pattern,ic_5d,1500,8223024,-0.007707562839880386,0.03462359776545311,-0.22261010805673329,0.22261010805673329,0.4034736138944556,1
tdx_ztxf,涨停先锋(分歧低吸),pattern,ic_20d,1500,8223024,-0.007427437225897194,0.0349025282015417,-0.2128051350036331,0.2128051350036331,0.410427807486631,1
tdx_qbd,起爆点,pattern,ic_1d,1500,7711158,0.016260202377030967,0.0344188192408805,0.4724218533829925,0.4724218533829925,0.6926010678871091,1
tdx_qbd,起爆点,pattern,ic_5d,1500,7711158,-0.011401655226920816,0.03249281981829211,-0.3508976841862816,0.3508976841862816,0.3702290076335878,1
tdx_qbd,起爆点,pattern,ic_20d,1500,7711158,-0.017058382563683513,0.03156657889311876,-0.5403937696714449,0.5403937696714449,0.28024502297090353,1
tdx_qz,强庄信号,pattern,ic_1d,1500,8154795,-0.007778128083349213,0.027609938647796626,-0.28171479055314513,0.28171479055314513,0.36904761904761907,1
tdx_qz,强庄信号,pattern,ic_5d,1500,8154795,-0.006407210061730206,0.035085679792584326,-0.18261610148663637,0.18261610148663637,0.4222689075630252,1
tdx_qz,强庄信号,pattern,ic_20d,1500,8154795,0.0018084045266973403,0.03769705724655536,0.04797203439169212,0.04797203439169212,0.5334271639690359,1
tdx_hmqd,黑马启动,technical,ic_1d,1500,8224884,0.0013879836197810858,0.03496098678611937,0.03970092801648721,0.03970092801648721,0.554,1
tdx_hmqd,黑马启动,technical,ic_5d,1500,8224884,-0.0013207801080944823,0.03008603989984058,-0.04390009826788407,0.04390009826788407,0.508,1
tdx_hmqd,黑马启动,technical,ic_20d,1500,8224884,0.002068412926910986,0.03032124319866157,0.06821662665211198,0.06821662665211198,0.5626666666666666,1
tdx_trend_bottom,趋势线底部,reversal,ic_1d,1500,8214888,0.00856675761330857,0.032977674717070395,0.2597744591395984,0.2597744591395984,0.6579476861167002,1
tdx_trend_bottom,趋势线底部,reversal,ic_5d,1500,8214888,0.024463912781137298,0.058734809840550684,0.4165147184020904,0.4165147184020904,0.7136150234741784,1
tdx_trend_bottom,趋势线底部,reversal,ic_20d,1500,8214888,0.05555779909014801,0.0915878736960965,0.6066064954679246,0.6066064954679246,0.77088948787062,1
tdx_money_flow,主力资金流,volume_price,ic_1d,1500,7959359,-0.01731311068777215,0.03847221589068159,-0.4500159475338561,0.4500159475338561,0.25,1
tdx_money_flow,主力资金流,volume_price,ic_5d,1500,7959359,-0.0203846026491871,0.07304529228004399,-0.27906798662719823,0.27906798662719823,0.3446666666666667,1
tdx_money_flow,主力资金流,volume_price,ic_20d,1500,7959359,-0.009887547593241633,0.09919456672664806,-0.09967831827411369,0.09967831827411369,0.4391711229946524,1
tdx_high_control,高度控局,technical,ic_1d,1500,8181573,-0.02786442712079832,0.039108235514806036,-0.7124951242110908,0.7124951242110908,0.19124579124579125,1
tdx_high_control,高度控局,technical,ic_5d,1500,8181573,-0.04247892932120437,0.06159268532318277,-0.6896749037375676,0.6896749037375676,0.22356902356902356,1
tdx_high_control,高度控局,technical,ic_20d,1500,8181573,-0.038882953852661904,0.08463555512724975,-0.45941630316243914,0.45941630316243914,0.305668016194332,1
tdx_add_position,加仓信号,reversal,ic_1d,1500,8224699,0.0012397205552840357,0.03372265175814668,0.03676225002040492,0.03676225002040492,0.5366666666666666,1
tdx_add_position,加仓信号,reversal,ic_5d,1500,8224699,0.010160346467008323,0.027419300766655327,0.37055454307442964,0.37055454307442964,0.7178118745830554,1
tdx_add_position,加仓信号,reversal,ic_20d,1500,8224699,0.000601873389041886,0.023173442289237706,0.025972550022117787,0.025972550022117787,0.5290193462308206,1
tdx_caishen,财神金叉,technical,ic_1d,1500,8219318,0.003937419559946642,0.030487512553872224,0.12914859987311592,0.12914859987311592,0.5808823529411765,1
tdx_caishen,财神金叉,technical,ic_5d,1500,8219318,0.003720589780004505,0.02826730721066222,0.13162165579751883,0.13162165579751883,0.5779264214046823,1
tdx_caishen,财神金叉,technical,ic_20d,1500,8219318,0.014064503788337556,0.03168903374728451,0.44382873584912536,0.44382873584912536,0.7163879598662207,1
tdx_bbiboll,BBI布林突破,momentum,ic_1d,1500,8076353,-0.0051946142462658395,0.042956302424633,-0.12092787211794616,0.12092787211794616,0.43866666666666665,1
tdx_bbiboll,BBI布林突破,momentum,ic_5d,1500,8076353,-0.02021761243987566,0.05137799772696752,-0.39350720803321115,0.39350720803321115,0.2906666666666667,1
tdx_bbiboll,BBI布林突破,momentum,ic_20d,1500,8076353,-0.022988686731362576,0.05685156517331835,-0.40436330400542175,0.40436330400542175,0.29953302201467646,1
tdx_red_line,红线斜率,momentum,ic_1d,1500,8116884,-0.012894375974447782,0.03286027323943574,-0.39240014471252765,0.39240014471252765,0.2906666666666667,1
tdx_red_line,红线斜率,momentum,ic_5d,1500,8116884,-0.03568785637180433,0.06444089324662075,-0.5538075990850078,0.5538075990850078,0.24733333333333332,1
tdx_red_line,红线斜率,momentum,ic_20d,1500,8116884,-0.0745181186468702,0.10514793411617027,-0.7086978862042176,0.7086978862042176,0.18066666666666667,1
tdx2_xg,涨停突破牛线(XG),pattern,ic_1d,1500,7451667,0.007960233353161426,0.03782035936018405,0.21047482064757114,0.21047482064757114,0.6033254156769596,1
tdx2_xg,涨停突破牛线(XG),pattern,ic_5d,1500,7451667,-0.00809492047172217,0.035710042747041926,-0.2266847040498914,0.2266847040498914,0.4251781472684085,1
tdx2_xg,涨停突破牛线(XG),pattern,ic_20d,1500,7451667,-0.008074981903191742,0.03487299426600682,-0.23155401688758914,0.23155401688758914,0.40681998413957177,1
tdx2_bb,突破55日高点(BB),momentum,ic_1d,1500,8218661,-0.0015706169634025755,0.039741524154267814,-0.039520803412214076,0.039520803412214076,0.49630127774041694,1
tdx2_bb,突破55日高点(BB),momentum,ic_5d,1500,8218661,-0.016440835624220662,0.03880071489790346,-0.4237250696921829,0.4237250696921829,0.2797579018157364,1
tdx2_bb,突破55日高点(BB),momentum,ic_20d,1500,8218661,-0.013242266082515488,0.04084312828851119,-0.32422262048522915,0.32422262048522915,0.3548821548821549,1
tdx2_t,回踩支撑(T),reversal,ic_1d,1500,8224884,0.0048949412786077305,0.03412423706753599,0.1434447096625208,0.1434447096625208,0.574,-1
tdx2_t,回踩支撑(T),reversal,ic_5d,1500,8224884,0.0024133642478427245,0.03151444717571414,0.07657961551369133,0.07657961551369133,0.536,-1
tdx2_t,回踩支撑(T),reversal,ic_20d,1500,8224884,-0.006887427668295349,0.031699583421119684,-0.217271866850674,0.217271866850674,0.378,-1
tdx2_b1,底部反转结构(B1),pattern,ic_1d,1500,8209992,0.0011928791637681412,0.03580528934395188,0.03331572473298945,0.03331572473298945,0.5336505778382054,1
tdx2_b1,底部反转结构(B1),pattern,ic_5d,1500,8209992,-0.008439779742754621,0.03553733896843159,-0.23749048149755442,0.23749048149755442,0.38393464942137506,1
tdx2_b1,底部反转结构(B1),pattern,ic_20d,1500,8209992,-0.008572803700094403,0.03267079894972586,-0.2623995731872464,0.2623995731872464,0.39059304703476483,1
tdx2_final,终极选股(XG+B1),pattern,ic_1d,1500,5653300,0.0031934996877690347,0.03470024321221531,0.09203104624479538,0.09203104624479538,0.5575027382256298,1
tdx2_final,终极选股(XG+B1),pattern,ic_5d,1500,5653300,-0.005574749385383064,0.031219497360758828,-0.17856627609867334,0.17856627609867334,0.43029637760702527,1
tdx2_final,终极选股(XG+B1),pattern,ic_20d,1500,5653300,-0.006774658944535289,0.029329415042190624,-0.2309851367574117,0.2309851367574117,0.4066298342541437,1
tdx2_bull_line,牛线位置,momentum,ic_1d,1500,8134548,-0.03247554843664484,0.04158882492854303,-0.7808719888682497,0.7808719888682497,0.1561040693795864,1
tdx2_bull_line,牛线位置,momentum,ic_5d,1500,8134548,-0.06460925341881527,0.07904574946552788,-0.8173653087695952,0.8173653087695952,0.15076717811874582,1
tdx2_bull_line,牛线位置,momentum,ic_20d,1500,8134548,-0.10695278207171312,0.13877285494606828,-0.7707039111739721,0.7707039111739721,0.17222963951935916,1
